paintingLabel,artistLabel,locationLabel,year,image,longitude,latitude
"tableau ; La Renaissance, figure allégorique",,Ministry of Culture,2016,https://api.europeana.eu/thumbnail/v2/url.json?uri=http%3A%2F%2Fwww.culture.gouv.fr%2FWave%2Fimage%2Fjoconde%2F0040%2Fm501304_0000109_p.jpg&type=IMAGE,121.4432371,25.0560769
renaissance in painting,,Cineteca di Bologna,2019,https://api.europeana.eu/thumbnail/v2/url.json?uri=http%3A%2F%2Fwww.italiataglia.it%2Ffiles%2Fvisti21000_wm_pdf%2F4981.pdf&type=TEXT,11.336705,44.4988757
Die Malerei der Renaissance; Bd. 2,,Bauhaus University Weimar. University Library,2016,https://api.europeana.eu/thumbnail/v2/url.json?uri=http%3A%2F%2Fgoobipr2.uni-weimar.de%2Fviewer%2Fcontent%2FPPN622772325%2F1000%2F0%2F00000009.jpg&type=TEXT,11.327388716028498,50.9774896
Renaissance,,Sylter Heimatmuseum,2016,https://api.europeana.eu/thumbnail/v2/url.json?uri=http%3A%2F%2Fdokbase.digicult-museen.net%2Feingabe%2Fbilder%2Fdata%2Fmitte%2F141%2F2005-299.jpg&type=IMAGE,10.077982200066803,53.57441945
Angelus Politianus :ein Culturbild aus der Renaissance,"Maehly, Jakob",Bavarian State Library,2020,https://api.europeana.eu/thumbnail/v2/url.json?uri=http%3A%2F%2Fwww.bsb-muenchen-digital.de%2Fweb1006%2Fbsb10065895%2Fimages%2Fbsb10065895_00005.jpg&type=TEXT,11.580600141379273,48.14739965
église paroissiale,,Media Library of Architecture and Heritage,2017,https://api.europeana.eu/thumbnail/v2/url.json?uri=http%3A%2F%2Fwww.culture.gouv.fr%2FWave%2Fimage%2Fmemoire%2F2017%2Fsap83_12w00366_v.jpg&type=IMAGE,-97.003175,32.494748
Die Malerei der Renaissance,"Wiemann, Hermann",Digital Library of the Silesian University of Technology,2017,https://api.europeana.eu/thumbnail/v2/url.json?uri=http%3A%2F%2Fdelibra.bg.polsl.pl%2FContent%2F24148%2FBCPS_26044_1938_Die-Malerei-der-Rena.pdf&type=TEXT,-75.1631682,39.9478867
Die Malerei der Renaissance,"Wiemann, Hermann",Pomeranian Digital Library,2017,https://api.europeana.eu/thumbnail/v2/url.json?uri=http%3A%2F%2Fpbc.gda.pl%2FContent%2F4632%2Fdie_malerai_der_renaiss00014_0001.djvu&type=TEXT,83.406275,18.061479
"Neumarkt 26, wooden ceiling with Renaissance painting",Photographer: Hermann Walter,Museum of City History Leipzig,2022,https://api.europeana.eu/thumbnail/v2/url.json?uri=https%3A%2F%2Fwww.stadtmuseum.leipzig.de%2FDE-MUS-853418%2Fmedien%2FwmZoom%3DZ0082656&type=IMAGE,12.3753681,51.3402833
Renaissance motieven,onbekend,Royal Institute for Cultural Heritage,2022,https://api.europeana.eu/thumbnail/v2/url.json?uri=http%3A%2F%2Fbalat.kikirpa.be%2Ftimthumb.php%3Fsrc%3Dhttp%3A%2F%2Fbalat.kikirpa.be%2Fimage%2Fthumbnail%2FB132583.jpg%26q%3D75%26w%3D250&type=IMAGE,4.3938289,50.842369
Imaginary Renaissance Palace,,Rijksmuseum,2014,https://api.europeana.eu/thumbnail/v2/url.json?uri=https%3A%2F%2Fwww.rijksmuseum.nl%2Fassetimage2.jsp%3Fid%3DSK-A-2528&type=IMAGE,4.8850394507194235,52.3598431
Apotheose der Renaissance,http://d-nb.info/118735268,Fine Arts Museum Vienna,2019,https://api.europeana.eu/thumbnail/v2/url.json?uri=http%3A%2F%2Fimageapi.khm.at%2Fimages%2F1258%2FGG_6199_8059x.jpg&type=IMAGE,-77.7316103655733,39.63716735
Q97323065,Pere Robredo,Girona Museum of Art,1600,http://commons.wikimedia.org/wiki/Special:FilePath/SantFeliu-JBorgunya-predicaci%C3%B3.jpg,-81.09966416049724,32.077651700000004
Sant'Orsola in gloria,Andrea Previtali,Accademia Carrara,1520,http://commons.wikimedia.org/wiki/Special:FilePath/Sant%27Orsola%20in%20gloria%20Previtali.jpg,9.6757787,45.7042404
Der kniende Stifter Graf Gottfried Werner von Zimmern – Christus am Ölberg,Master of Messkirch,Meßkirch Castle,1536,http://commons.wikimedia.org/wiki/Special:FilePath/Meister%20von%20Me%C3%9Fkirch-Wildensteiner%20Altar-Drehfl%C3%BCgel%20links-offen0004.jpg,9.107787,48.004088
Q61962938,Bartolomé Bermejo,Grand Rapids Art Museum,1479,http://commons.wikimedia.org/wiki/Special:FilePath/B.Bermejo%20ret.Misericordia%20Marededeu%204136.jpg,-85.67090323776408,42.965032699999995
The capture of Christ,Master of Messkirch,Meßkirch Castle,1536,http://commons.wikimedia.org/wiki/Special:FilePath/Meister%20von%20Me%C3%9Fkirch-Wildensteiner%20Altar-Standfl%C3%BCgel%20links-rechts-geschlossen-0016.jpg,9.107787,48.004088
Die kniende Stifterin Gräfin Apollonia von Henneberg – Christus am Ölberg,Master of Messkirch,Schloss Donaueschingen,1536,http://commons.wikimedia.org/wiki/Special:FilePath/Meister%20von%20Me%C3%9Fkirch-Wildensteiner%20Altar-Drehfl%C3%BCgel%20rechts-offen0005.jpg,8.503338440838942,47.95206025
Die durch Engel bekrönte Muttergottes mit Kind im Kreise der 14 Schutzheiligen des Hauses Zimmern,Master of Messkirch,Staatsgalerie Stuttgart,1536,http://commons.wikimedia.org/wiki/Special:FilePath/Meister%20von%20Me%C3%9Fkirch-Wildensteiner%20Altar-Mitteltafel-0014.jpg,9.187105267010025,48.78021455
The Arrest of Santa Engracia,Bartolomé Bermejo,San Diego Museum of Art,1477,http://commons.wikimedia.org/wiki/Special:FilePath/B.Bermejo%20ret.Sta.Engracia%20arrest%204117.jpg,-117.1504503,32.7321695
Der kniende Stifter Graf Gottfried Werner von Zimmern – Christus am Ölberg,Master of Messkirch,Schloss Donaueschingen,1536,http://commons.wikimedia.org/wiki/Special:FilePath/Meister%20von%20Me%C3%9Fkirch-Wildensteiner%20Altar-Drehfl%C3%BCgel%20links-offen0004.jpg,8.503338440838942,47.95206025
Christi Abschied von seiner Mutter,Master of Messkirch,Staatsgalerie Stuttgart,1536,http://commons.wikimedia.org/wiki/Special:FilePath/Meister%20von%20Me%C3%9Fkirch-Wildensteiner%20Altar-Standfl%C3%BCgel%20links-rechts-geschlossen-0016-2.jpg,9.187105267010025,48.78021455
Madonna/Virgin and Child with the Infant St John the Baptist.,Marco Palmezzano,museum storage,1500,http://commons.wikimedia.org/wiki/Special:FilePath/Palmezzano%20Madonna%20and%20Child.jpg,-89.23979340634538,37.70894045
The capture of Christ,Master of Messkirch,Schloss Donaueschingen,1536,http://commons.wikimedia.org/wiki/Special:FilePath/Meister%20von%20Me%C3%9Fkirch-Wildensteiner%20Altar-Standfl%C3%BCgel%20links-rechts-geschlossen-0016.jpg,8.503338440838942,47.95206025
Altarpiece of Santo Domingo de Silos,Martín Bernat,Museo del Prado,1476,http://commons.wikimedia.org/wiki/Special:FilePath/B.Bermejo%20ret.St.Domingo%20Silos%20hipotesi%204130.jpg,-3.69204071450646,40.41379255
Madonna and Child with St. John,Battista Dossi,National Museum in Warsaw,1526,http://commons.wikimedia.org/wiki/Special:FilePath/Dossi%20Madonna%20and%20Child.jpg,21.0247708,52.2316938
Predella of the Barbadori altarpiece,Filippo Lippi,Uffizi Gallery,1438,http://commons.wikimedia.org/wiki/Special:FilePath/Predella%20Pala%20Barbadori-%20Uffizi.JPG,11.25649,43.76773
Our Lady of Piasek,http://www.wikidata.org/.well-known/genid/5afa1e7228eece797aeb1abd64d9e351,Church of the Visitation of the Blessed Virgin Mary,1500,http://commons.wikimedia.org/wiki/Special:FilePath/Krakow-kosciol%20Nawiedzenia%20NMP%20MB%20Piaskowa.jpg,27.428937123104287,54.4919491
The Adoration of the Magi,Bartolomé Bermejo,Royal Chapel of Granada,1477,http://commons.wikimedia.org/wiki/Special:FilePath/Bermejo-Epifania-Gr.jpg,-3.59895,37.17594
Saint Damian,Martín Bernat,National Museum of Ancient Art,1477,http://commons.wikimedia.org/wiki/Special:FilePath/Bartolom%C3%A9%20Bermejo%20%281440-1495%29%20-%20De%20heilige%20Damiaan%20%28ca.1490%29%20-%20Lissabon%20Museu%20Nacional%20de%20Arte%20Antiga%2019-10-2010%2016-12-101.jpg,-9.161465665614319,38.70478525
Death and Assumption of the Virgin Mary,Bartolomé Bermejo,Gemäldegalerie,1472,http://commons.wikimedia.org/wiki/Special:FilePath/B.Bermejo%20Mort%20Assumpci%C3%B3%20Maria%204105.jpg,13.36474921508226,52.50851325
Die durch Engel bekrönte Muttergottes mit Kind im Kreise der 14 Schutzheiligen des Hauses Zimmern,Master of Messkirch,Meßkirch Castle,1536,http://commons.wikimedia.org/wiki/Special:FilePath/Meister%20von%20Me%C3%9Fkirch-Wildensteiner%20Altar-Mitteltafel-0014.jpg,9.107787,48.004088
Q61965321,Bartolomé Bermejo,Royal Chapel of Granada,1477,http://commons.wikimedia.org/wiki/Special:FilePath/B.Bermejo%20Santa%20Fa%C3%A7%204148.jpg,-3.59895,37.17594
Descent from the Cross,Martín Bernat,Saragossa Museum,1477,http://commons.wikimedia.org/wiki/Special:FilePath/Descendimiento%2C%20de%20Bartolom%C3%A9%20Bermejo%20y%20Mart%C3%ADn%20Bernat%20%28Museo%20de%20Zaragoza%29.JPG,83.439773,26.586827
Die kniende Stifterin Gräfin Apollonia von Henneberg – Christus am Ölberg,Master of Messkirch,Fürstenberg Collection,1536,http://commons.wikimedia.org/wiki/Special:FilePath/Meister%20von%20Me%C3%9Fkirch-Wildensteiner%20Altar-Drehfl%C3%BCgel%20rechts-offen0005.jpg,13.14442,53.18427
Christi Abschied von seiner Mutter,Master of Messkirch,Meßkirch Castle,1536,http://commons.wikimedia.org/wiki/Special:FilePath/Meister%20von%20Me%C3%9Fkirch-Wildensteiner%20Altar-Standfl%C3%BCgel%20links-rechts-geschlossen-0016-2.jpg,9.107787,48.004088
Der kniende Stifter Graf Gottfried Werner von Zimmern – Christus am Ölberg,Master of Messkirch,Fürstenberg Collection,1536,http://commons.wikimedia.org/wiki/Special:FilePath/Meister%20von%20Me%C3%9Fkirch-Wildensteiner%20Altar-Drehfl%C3%BCgel%20links-offen0004.jpg,13.14442,53.18427
Judith,Palma Vecchio,Uffizi Gallery,1525,http://commons.wikimedia.org/wiki/Special:FilePath/Palma%20il%20Vecchio%20-%20Judith%20-%20WGA16936.jpg,11.25649,43.76773
Portrait of Pope Gregory XIII,Lavinia Fontana,London,1585,http://commons.wikimedia.org/wiki/Special:FilePath/Lavinia%20Fontana%20-%20Portrait%20of%20Pope%20Gregory%20XIII.jpg,-0.1277653,51.5074456
Triptych of the Virgin of Montserrat,Bartolomé Bermejo,cathedral of Our Lady of the Assumption,1483,http://commons.wikimedia.org/wiki/Special:FilePath/B.Bermejo%20ret.Montserrat%20Anunciacio-tancat%204149.jpg,-7.906718701136975,38.571746950000005
The capture of Christ,Master of Messkirch,Fürstenberg Collection,1536,http://commons.wikimedia.org/wiki/Special:FilePath/Meister%20von%20Me%C3%9Fkirch-Wildensteiner%20Altar-Standfl%C3%BCgel%20links-rechts-geschlossen-0016.jpg,13.14442,53.18427
Saint John the Baptist,Bartolomé Bermejo,Museo de Bellas Artes de Sevilla,1470,http://commons.wikimedia.org/wiki/Special:FilePath/B.Bermejo%20st.Joan%20Baptista%20desert%204104.jpg,-6.000013512276475,37.39241595
Madonna of the Yarnwinder,http://www.wikidata.org/.well-known/genid/836e1aa3c500268ac8800777cd3981a3,Museum of Fine Arts of Córdoba,1600,http://commons.wikimedia.org/wiki/Special:FilePath/Virgen%20de%20los%20husos%20%28Museo%20de%20Bellas%20Artes%20de%20C%C3%B3rdoba%29.jpg,-117.073645,32.777508
Die durch Engel bekrönte Muttergottes mit Kind im Kreise der 14 Schutzheiligen des Hauses Zimmern,Master of Messkirch,Schloss Donaueschingen,1536,http://commons.wikimedia.org/wiki/Special:FilePath/Meister%20von%20Me%C3%9Fkirch-Wildensteiner%20Altar-Mitteltafel-0014.jpg,8.503338440838942,47.95206025
Chess player's novella,Liberale da Verona,Metropolitan Museum of Art,1475,http://commons.wikimedia.org/wiki/Special:FilePath/Liberale%20da%20verona%2C%20scena%20dalla%20novella%20del%20giocatore%20di%20scacchi%2C%201467-1476%2C%2001.JPG,100.5458071,13.7348443
Venus and Cupid.,http://www.wikidata.org/.well-known/genid/de543f7305134971f8c920a9834197ce,museum storage,1528,http://commons.wikimedia.org/wiki/Special:FilePath/Leyden%20Venus%20and%20Cupid.jpg,-89.23979340634538,37.70894045
Christi Abschied von seiner Mutter,Master of Messkirch,Schloss Donaueschingen,1536,http://commons.wikimedia.org/wiki/Special:FilePath/Meister%20von%20Me%C3%9Fkirch-Wildensteiner%20Altar-Standfl%C3%BCgel%20links-rechts-geschlossen-0016-2.jpg,8.503338440838942,47.95206025
Portrait of Eleanor of Austria,Joos van Cleve,National Museum of Ancient Art,1530,http://commons.wikimedia.org/wiki/Special:FilePath/Cleve%20Eleanor%20of%20Austria.jpg,-9.161465665614319,38.70478525
Calavera,Juan de Juanes,Museu de Belles Arts de València,1600,http://commons.wikimedia.org/wiki/Special:FilePath/Juan%20de%20Juanes%20-%20In%20omnibus%20operibus.jpg,-0.3710264334737524,39.479289
Wedding in a peasant house.,http://www.wikidata.org/.well-known/genid/1c23a6554e78bf34051949f46acbcf3d,museum storage,1601,http://commons.wikimedia.org/wiki/Special:FilePath/Nieznany%20malarz%20flamandzki%20-%20Wedding%20party%20in%20a%20peasant%20family%20-%20M.Ob.1721%20-%20National%20Museum%20in%20Warsaw.jpg,-89.23979340634538,37.70894045
Madonna with grapes,http://www.wikidata.org/.well-known/genid/b19541a1d8ca1b0914af9ffe84028d79,Museum of Fine Arts of Córdoba,1583,http://commons.wikimedia.org/wiki/Special:FilePath/Virgen%20del%20racimo%20-%20CE2206P.jpg,-117.073645,32.777508
Die kniende Stifterin Gräfin Apollonia von Henneberg – Christus am Ölberg,Master of Messkirch,Staatsgalerie Stuttgart,1536,http://commons.wikimedia.org/wiki/Special:FilePath/Meister%20von%20Me%C3%9Fkirch-Wildensteiner%20Altar-Drehfl%C3%BCgel%20rechts-offen0005.jpg,9.187105267010025,48.78021455
Nursing Madonna,Bartolomé Bermejo,Museu de Belles Arts de València,1470,http://commons.wikimedia.org/wiki/Special:FilePath/Bartolom%C3%A9%20Bermejo%2C%20Mare%20de%20D%C3%A9u%20de%20la%20Llet%2C%20Museu%20de%20Belles%20Arts%20de%20Val%C3%A8ncia.jpg,-0.3710264334737524,39.479289
Q66287947,http://www.wikidata.org/.well-known/genid/34d7e09237beaae59e8bc6e24ba9444b,Museum of Fine Arts of Córdoba,1600,http://commons.wikimedia.org/wiki/Special:FilePath/Virgen%20del%20velo%20%28CE2454P%29%20-%20Anonymous%2C%20copy%20of%20Raffaello%20Sanzio.jpg,-117.073645,32.777508
Der kniende Stifter Graf Gottfried Werner von Zimmern – Christus am Ölberg,Master of Messkirch,Staatsgalerie Stuttgart,1536,http://commons.wikimedia.org/wiki/Special:FilePath/Meister%20von%20Me%C3%9Fkirch-Wildensteiner%20Altar-Drehfl%C3%BCgel%20links-offen0004.jpg,9.187105267010025,48.78021455
Saint John the Baptist by Ercole de' Roberti,Ercole de' Roberti,Gemäldegalerie,1480,http://commons.wikimedia.org/wiki/Special:FilePath/Johannes%20der%20T%C3%A4ufer%20-%20Gem%C3%A4ldegalerie%20Berlin%20-%204280678.jpg,13.36474921508226,52.50851325
The capture of Christ,Master of Messkirch,Staatsgalerie Stuttgart,1536,http://commons.wikimedia.org/wiki/Special:FilePath/Meister%20von%20Me%C3%9Fkirch-Wildensteiner%20Altar-Standfl%C3%BCgel%20links-rechts-geschlossen-0016.jpg,9.187105267010025,48.78021455
Q29018377,Bartolomé Bermejo,Cathedral of the Holy Cross and Saint Eulalia,1490,http://commons.wikimedia.org/wiki/Special:FilePath/B.Bermejo%20Pietat%20Despla%204153.jpg,-1.3132457711194079,51.0607326
Die durch Engel bekrönte Muttergottes mit Kind im Kreise der 14 Schutzheiligen des Hauses Zimmern,Master of Messkirch,Fürstenberg Collection,1536,http://commons.wikimedia.org/wiki/Special:FilePath/Meister%20von%20Me%C3%9Fkirch-Wildensteiner%20Altar-Mitteltafel-0014.jpg,13.14442,53.18427
Christ of the Mercy,Bartolomé Bermejo,Peralada Castle,1475,http://commons.wikimedia.org/wiki/Special:FilePath/B.Bermejo%20Crist%20de%20la%20Pietat%204106.jpg,3.011110621854305,42.307638499999996
Sainte Engratia,Bartolomé Bermejo,Isabella Stewart Gardner Museum,1474,http://commons.wikimedia.org/wiki/Special:FilePath/Saint%20Engratia.JPG,-71.09915382373549,42.33824495
Christi Abschied von seiner Mutter,Master of Messkirch,Fürstenberg Collection,1536,http://commons.wikimedia.org/wiki/Special:FilePath/Meister%20von%20Me%C3%9Fkirch-Wildensteiner%20Altar-Standfl%C3%BCgel%20links-rechts-geschlossen-0016-2.jpg,13.14442,53.18427
Die kniende Stifterin Gräfin Apollonia von Henneberg – Christus am Ölberg,Master of Messkirch,Meßkirch Castle,1536,http://commons.wikimedia.org/wiki/Special:FilePath/Meister%20von%20Me%C3%9Fkirch-Wildensteiner%20Altar-Drehfl%C3%BCgel%20rechts-offen0005.jpg,9.107787,48.004088
The Man of Sorrows (Christ Crowned with Thorns),Domenico Ghirlandaio,Philadelphia Museum of Art,1480,http://commons.wikimedia.org/wiki/Special:FilePath/Domenico%20Ghirlandaio%20%28after%20Hans%20Memling%29%20-%20The%20Man%20of%20Sorrows%20%28Christ%20Crowned%20with%20Thorns%29%20c1490%20-Philadelphia%20Museum%20of%20Art.jpg,-75.18151205326768,39.96556390000001
Fortune,Giovanni Bellini,Gallerie dell'Accademia,1490,http://commons.wikimedia.org/wiki/Special:FilePath/Giovanni%20bellini%2C%20quattro%20allegorie%2C%20incostanza.jpg,12.3282997,45.431244
Portrait of Pope Julius III,Girolamo Siciolante da Sermoneta,Galleria Spada,1550,http://commons.wikimedia.org/wiki/Special:FilePath/Girolamo%20siciolante%20da%20sermoneta%2C%20ritratto%20di%20papa%20giulio%20III%2C%201550%20ca.%20%28gall.%20spada%29.jpg,12.4722011,41.8938866
"Madonna and Child with Infant Saint John the Baptist, Angels Circling Above",Filippino Lippi,Museo Soumaya,1502,http://commons.wikimedia.org/wiki/Special:FilePath/13543%20Virgen%20y%20Ni%C3%B1o%20con%20san%20Juan%20Bautista.jpg,-99.20457796238341,19.4407784
Portrait of Clement VII with beard,Sebastiano del Piombo,Museo di Capodimonte,1529,http://commons.wikimedia.org/wiki/Special:FilePath/Del%20Piombo%20Clement.jpg,14.250875323233455,40.867030650000004
Saint Francis renounces his Earthly Father,Stefano di Giovanni,National Gallery,1437,http://commons.wikimedia.org/wiki/Special:FilePath/Sassetta%20001.jpg,-0.12838264338231645,51.508881
Falsehood,Giovanni Bellini,Gallerie dell'Accademia,1490,http://commons.wikimedia.org/wiki/Special:FilePath/Accademia%20-%20Giovanni%20Bellini%20e%20Andrea%20Previtali%20-%20Quattro%20allegorie%20-%20menzogna.jpg,12.3282997,45.431244
A Tavern Quarrel,Hieronymus Bosch,Centre for Old Arts 't Vliegend Peert,1500,http://commons.wikimedia.org/wiki/Special:FilePath/Hy%20soect%20de%20byle.jpg,-87.833191,42.049463
Game of Chess,Giulio Campi,Museo Civico d'Arte Antica,1530,http://commons.wikimedia.org/wiki/Special:FilePath/Giulio%20Campi%20-%20partie%20d%27%C3%A9checs.jpg,7.6856008,45.0710538
Portrait of Grand Duke Cosimo I de' Medici,http://www.wikidata.org/.well-known/genid/e4b09abcf9b856db3af9f4c39527dbde,National Museum of Fine Arts of Cuba,1600,http://commons.wikimedia.org/wiki/Special:FilePath/Bronzino%20-%20Retrato%20do%20Gr%C3%A3o-Duque%20Cosme%20I%20de%20M%C3%A9dici.jpg,-117.073645,32.777508
"Portrait of Pope Gregory XIII, bust-length",Scipione Pulzone,Malta,1585,http://commons.wikimedia.org/wiki/Special:FilePath/Portrait%20of%20Pope%20Gregory%20XIII%2C%20bust-length%20%28by%20Scipione%20Pulzone%29.jpg,-73.792926,42.9711708
Adoration of the Magi,Leonardo da Vinci,room 15,1482,http://commons.wikimedia.org/wiki/Special:FilePath/Leonardo%20da%20Vinci%20-%20Adorazione%20dei%20Magi%20-%20Google%20Art%20Project.jpg,-5.4729125,56.4150235
The Birth of Venus,Sandro Botticelli,"Uffizi Gallery - Room 11-12, Botticelli's",1485,http://commons.wikimedia.org/wiki/Special:FilePath/Sandro%20Botticelli%20-%20La%20nascita%20di%20Venere%20-%20Google%20Art%20Project%20-%20edited.jpg,,
"Santo Domingo de Silos entronizado como obispo, de Bartolomé Bermejo (Museo del Prado)",Martín Bernat,Museo del Prado,1474,http://commons.wikimedia.org/wiki/Special:FilePath/Santo%20Domingo%20de%20Silos%20entronizado%20como%20obispo%2C%20por%20Bartolom%C3%A9%20Bermejo.jpg,-3.69204071450646,40.41379255
Peasant Wedding in a Barn,Pieter Brueghel the Younger,Museum of Fine Arts Ghent (MSK),1616,http://commons.wikimedia.org/wiki/Special:FilePath/Pieter%20Brueghel%20de%20Jonge%20-%20Bruiloftsmaal%20in%20de%20schuur%20%28MSK%20Gent%29.jpg,-98.388578,29.56823
Saint Michael Triumphs over the Devil,Bartolomé Bermejo,National Gallery,1468,http://commons.wikimedia.org/wiki/Special:FilePath/Bermejo-Miquel.jpeg,-0.12838264338231645,51.508881
Madonna and Child,Vasilis Michaelides,State Gallery of Contemporary Art,1875,http://commons.wikimedia.org/wiki/Special:FilePath/Madonna%20and%20Child%20-%20Vasilis%20Michaelides.jpg,33.36158784814687,35.16816944999999
Saint Mark Preaching in Alexandria,Gentile Bellini,Pinacoteca di Brera,1500,http://commons.wikimedia.org/wiki/Special:FilePath/Gentile%20e%20giovanni%20bellini%2C%20predica%20di%20san%20marco%20in%20alessandria%2001.jpg,9.1884071,45.4722421
Portrait of a lady from the Klammer von Weydach Family,Hans Maler zu Schwaz,Museum Boijmans Van Beuningen,1550,http://commons.wikimedia.org/wiki/Special:FilePath/Hans%20Maler%20-%20Portret%20van%20een%20vrouw%20uit%20het%20geslacht%20Klammer%20von%20Weydach%20-%201485%20recto%20%28OK%29%20-%20Museum%20Boijmans%20Van%20Beuningen.jpg,4.4730006,51.9143648
Ferdinand I of Castile welcoming Saint Dominic of Silos,Martín Bernat,Museo del Prado,1478,http://commons.wikimedia.org/wiki/Special:FilePath/Bernat-bermejo%20fernando%20I%20castilla.jpg,-3.69204071450646,40.41379255
"Portrait of Pope Gregory XIII, bust-length",Scipione Pulzone,United States,1585,http://commons.wikimedia.org/wiki/Special:FilePath/Portrait%20of%20Pope%20Gregory%20XIII%2C%20bust-length%20%28by%20Scipione%20Pulzone%29.jpg,-100.445882,39.7837304
Adoration of the Magi,Leonardo da Vinci,Uffizi Gallery,1482,http://commons.wikimedia.org/wiki/Special:FilePath/Leonardo%20da%20Vinci%20-%20Adorazione%20dei%20Magi%20-%20Google%20Art%20Project.jpg,11.25649,43.76773
Portrait of a beardless man,Hans Maler zu Schwaz,Kunsthistorisches Museum,1521,http://commons.wikimedia.org/wiki/Special:FilePath/Hans%20Maler%2C%20Kunsthistorisches%20Museum%20Wien%2C%20Gem%C3%A4ldegalerie%20-%20Bildnis%20eines%20bartlosen%20Mannes%20-%20GG%20884%20-%20Kunsthistorisches%20Museum.jpg,16.361781933366263,48.2037395
Madonna Adoring the Christ Child,Francesco Botticini,Birmingham Museum of Art,1470,http://commons.wikimedia.org/wiki/Special:FilePath/Madonna%20Adoring%20the%20Christ%20Child%20by%20Francesco%20Botticini.jpg,-86.80995994962024,33.522194150000004
San Zeno Altarpiece,Andrea Mantegna,Italy,1457,http://commons.wikimedia.org/wiki/Special:FilePath/Verone%20-%20San%20Zeno%20-%20Retable%20de%20Mantegna..jpg,12.674297,42.6384261
Christ as Man of Sorrows,Marco Zoppo,Birmingham Museum of Art,1460,,-86.80995994962024,33.522194150000004
Saint Dominic,http://www.wikidata.org/.well-known/genid/2d173e6749e35d8154c65072937f6dd1,Église du Musée des Augustins de Toulouse,1600,http://commons.wikimedia.org/wiki/Special:FilePath/Augustins%20-%20Saint%20Dominique%20-%20Anonyme%20fran%C3%A7ais%20D%201952%203.jpg,,
Vision of the Blessed Amedeo Menez de Sylva,Pedro Fernández de Murcia,Palazzo Barberini,1513,http://commons.wikimedia.org/wiki/Special:FilePath/Pedro%20Fern%C3%A1ndez%20-%20Vision%20of%20the%20Blessed%20Amedeo%20Menez%20de%20Sylva%20-%20WGA07809.jpg,12.490120785737176,41.903495750000005
Allegory of Fortune,Andrea Previtali,Gallerie dell'Accademia,1490,http://commons.wikimedia.org/wiki/Special:FilePath/Andrea%20previtali%20e%20giovanni%20bellini%2C%20allegorie%2C%201490%20ca.%2002.JPG,12.3282997,45.431244
Q113636993,http://www.wikidata.org/.well-known/genid/2bd9dede00e276e2e030852e7ee223f6,Museum of Fine Arts of Córdoba,2000,http://commons.wikimedia.org/wiki/Special:FilePath/Virgen%20con%20el%20Ni%C3%B1o%20%28CE2458P%29%2C%20Museo%20de%20Bellas%20Artes%20de%20C%C3%B3rdoba.jpg,-117.073645,32.777508
Portrait of Nicolaus Copernicus,http://www.wikidata.org/.well-known/genid/a33623f497136c0103eba43c59a771ad,Old Town Hall in Toruń,1600,http://commons.wikimedia.org/wiki/Special:FilePath/Nikolaus%20Kopernikus.jpg,18.6048094,53.0102721
Pope Clement VII (1523-1534),Giuliano Bugiardini,Deutsches Historisches Museum,1532,http://commons.wikimedia.org/wiki/Special:FilePath/Giuliano%20Bugiardini%20-%20Ritratto%20di%20papa%20Clemente%20VII.jpg,13.3970225,52.5177477
Retaule renaixentista de Santa Agnès de Malanyanes,Jaume Forner,Museo Diocesano de Barcelona,1536,http://commons.wikimedia.org/wiki/Special:FilePath/JaumeForner%20staAgnes%20rebutja%20anell%20AgnesMalanyanes%203397.jpg,-0.408135,42.140805
Christ tied to the column with Saint Peter and the donors,Alejo Fernández,Museum of Fine Arts of Córdoba,1508,http://commons.wikimedia.org/wiki/Special:FilePath/Cristo%20atado%20a%20la%20columna%20con%20San%20Pedro%20y%20donantes%20-%20Alejo%20Fern%C3%A1ndez.jpg,-117.073645,32.777508
"Portrait of Pope Gregory XIII, bust-length",Scipione Pulzone,Rome,1585,http://commons.wikimedia.org/wiki/Special:FilePath/Portrait%20of%20Pope%20Gregory%20XIII%2C%20bust-length%20%28by%20Scipione%20Pulzone%29.jpg,12.4829321,41.8933203
Perseus Armed by Mercury and Minerva,Paris Bordone,Birmingham Museum of Art,1550,http://commons.wikimedia.org/wiki/Special:FilePath/Perseus%20Armed%20by%20Mercury%20and%20Minerva%20by%20Paris%20Bordone%20-%20BMA.jpg,-86.80995994962024,33.522194150000004
Adoration of the Shepherds with the Saints Nazario and Celso,Moretto da Brescia,Church of Saints Nazarius and Celsus,1540,http://commons.wikimedia.org/wiki/Special:FilePath/Adorazione%20dei%20pastori%20con%20i%20santi%20Nazaro%20e%20Celso.jpg,,
Madonna and Child,Sandro Botticelli,Musée du Petit Palais,1467,http://commons.wikimedia.org/wiki/Special:FilePath/BotticelliMadonnaConBambinoAvignone.jpg,4.8063438,43.9527473
Perseverance,Giovanni Bellini,Gallerie dell'Accademia,1490,http://commons.wikimedia.org/wiki/Special:FilePath/Giovanni%20bellini%2C%20quattro%20allegorie%2C%20perseveranza.jpg,12.3282997,45.431244
Saint Augustine,Bartolomé Bermejo,Art Institute of Chicago,1481,http://commons.wikimedia.org/wiki/Special:FilePath/Bartolom%C3%A9%20de%20C%C3%A1rdenas%2C%20%28called%20Bermejo%29%20-%20Saint%20Augustine%20-%201947.393%20-%20Art%20Institute%20of%20Chicago.jpg,-87.62308289080784,41.8796055
Perseus Armed by Mercury and Minerva,Paris Bordone,Doughty House,1550,http://commons.wikimedia.org/wiki/Special:FilePath/Perseus%20Armed%20by%20Mercury%20and%20Minerva%20by%20Paris%20Bordone%20-%20BMA.jpg,-122.18349600470066,37.457515900000004
Madonna of the Rose Bower,Martin Schongauer,Dominican Convent,1473,http://commons.wikimedia.org/wiki/Special:FilePath/Martin%20Schongauer%20Madonna%20in%20Rose%20Garden.jpg,19.05129435826219,47.5291645
Q125967111,Master of the Litoměřice Altarpiece,Meersburg,1506,,9.2719656,47.6955538
Madonna of Humility (Madonna dell'Umiltà),Giovanni da Francia,Rijksmuseum,1450,http://commons.wikimedia.org/wiki/Special:FilePath/Giovanni%20da%20Francia.jpg,4.8850394507194235,52.3598431
Descent of Christ into Limbo,Bartolomé Bermejo,Museu Nacional d'Art de Catalunya,1475,http://commons.wikimedia.org/wiki/Special:FilePath/Bartolom%C3%A9%20Bermejo%20-%20Descent%20of%20Christ%20into%20Limbo%20-%20Google%20Art%20Project.jpg,2.1534231089008253,41.36840145
Prudence,Giovanni Bellini,Gallerie dell'Accademia,1490,http://commons.wikimedia.org/wiki/Special:FilePath/Bellini%2C%20Giovanni%20--%20Four%20Allegories%20...%20Prudence%20-%20c.%201490.jpg,12.3282997,45.431244
Portrait of Pope Pius V,Bartolomeo Passarotti,Spoleto,1579,http://commons.wikimedia.org/wiki/Special:FilePath/Portrait%20of%20Pope%20Pius%20V%20Ghislieri%20%28by%20Bartolomeo%20Passarotti%29%20%E2%80%93%20Private%20collection%2C%20Spoleto.jpg,12.7382035,42.7342971
Resurrection of Christ,Bartolomé Bermejo,Museu Nacional d'Art de Catalunya,1475,http://commons.wikimedia.org/wiki/Special:FilePath/Bartolom%C3%A9%20Bermejo%20-%20Resurrection%20-%20Google%20Art%20Project.jpg,2.1534231089008253,41.36840145
San Zeno Altarpiece,Andrea Mantegna,Basilica of San Zeno,1457,http://commons.wikimedia.org/wiki/Special:FilePath/Verone%20-%20San%20Zeno%20-%20Retable%20de%20Mantegna..jpg,10.979227891247113,45.44258225
